,PROM_mom,PROM_SA,PROM_DEVIATION,CPI_SA,MIACR,CPI,MIACR_LAG,MIACR_LAG_month,MIACR_month,CPI_SA_minus_goal,RUB,RATE,CPI_LAG,dummy1,dummy2,MIACR_diff,OUTPUT_GAP,CPI_2014_2020,RUB_2010_2014,CPI_SA_corr,RATE_LAG,UNEMP,USD_LOG
2010-03-01,10.900000000000006,0.9616991732226144,0.645446039971814,0.2349357479096643,3.54,6.462246901794377,3.83,0.0031369733958956,0.0029031915789923,-0.0009506425209033,-0.0240252692343081,8.5,7.1816578914914775,0,1,-0.29,8.573724223475503,-0.33,-0.0240252692343081,2.819228974915972,8.75,8.5,3.588366512067884
2010-04-01,-4.700000000000003,0.7929236778846125,0.4683617823906195,0.3447628348851975,3.28,6.039316136467954,3.54,0.0029031915789923,0.00269308323025,0.0001476283488519,-0.0173233917949287,8.25,6.462246901794377,0,1,-0.2600000000000002,6.389073048483499,-0.33,-0.0173233917949287,4.13715401862237,8.5,8.5,3.5643412428335757
2010-05-01,-1.0999999999999943,0.0955023492132931,-0.2373198320374089,0.6192513801940505,2.75,5.965509314060147,3.28,0.00269308323025,0.00226327964177,0.0028925138019405,0.0071230008633991,8.0,6.039316136467954,0,1,-0.5299999999999998,6.809688027913423,-0.33,0.0071230008633991,7.431016562328605,8.25,8.1,3.547017851038647
2010-06-01,1.5999999999999943,0.9738622705419536,0.6328179319858711,0.5992607588362406,2.55,5.744308946704746,2.75,0.00226327964177,0.0021005613051394,0.0026926075883624,0.0095983002668678,7.75,5.965509314060147,0,1,-0.2000000000000001,5.738487114560133,-0.33,0.0095983002668678,7.191129106034888,8.0,7.2,3.554140851902046
2010-07-01,1.2999999999999972,0.4908767664627018,0.1416545315613036,0.4736337859827073,2.62,5.46058676231036,2.55,0.0021005613051394,0.002157545786668,0.001436337859827,0.0045477594590961,7.75,5.744308946704746,0,1,0.0700000000000002,2.7779153662164906,-0.33,0.0045477594590961,5.683605431792487,7.75,6.7,3.563739152168914
2010-08-01,0.5,-0.6010339270104896,-0.958427610478124,1.122026608438026,2.58,6.040619989503071,2.62,0.002157545786668,0.0021249875904596,0.0079202660843802,-0.0032964942322908,7.75,5.46058676231036,0,1,-0.04,4.83001933462578,-0.33,-0.0032964942322908,13.46431930125631,7.75,6.8,3.56828691162801
2010-09-01,1.0,0.7013262128496509,0.335719878293628,1.0978042162468902,2.63,6.963450232484614,2.58,0.0021249875904596,0.0021656835180154,0.0076780421624689,0.0182055269842278,7.75,6.040619989503071,0,1,0.0499999999999998,3.896652660741912,-0.33,0.0182055269842278,13.173650594962682,7.75,6.7,3.564990417395719
2010-10-01,5.200000000000003,0.1974363527097917,-0.1764049282850548,0.5433734907224114,2.69,7.498267483647036,2.63,0.0021656835180154,0.002214494647833,0.0021337349072241,0.0172908113905427,7.75,6.963450232484614,0,1,0.06,4.679333567509497,-0.33,0.0172908113905427,6.520481888668936,7.75,6.5,3.583195944379947
2010-11-01,-0.5,-0.3515055907634026,-0.7336085202562272,0.719333390197937,3.04,8.055642088208748,2.69,0.002214494647833,0.0024987062733237,0.0038933339019793,0.0128781874777583,7.75,7.498267483647036,0,1,0.3500000000000001,4.67930967699391,-0.33,0.0128781874777583,8.632000682375244,7.75,6.7,3.60048675577049
2010-12-01,7.900000000000006,-1.0038329509032575,-1.394216387319692,0.850762039673458,2.89,8.776658722001196,3.04,0.0024987062733237,0.0023770098189335,0.0052076203967345,-0.0208946541234347,7.75,8.055642088208748,0,1,-0.1499999999999999,4.297503657540552,-0.33,-0.0208946541234347,10.209144476081496,7.75,6.6,3.613364943248248
2011-01-01,-17.299999999999997,0.9857084972319364,0.5870844841359117,1.816648127645948,2.71,9.557915715970712,2.89,0.0023770098189335,0.0022307592150201,0.0148664812764594,-0.0202533299575615,7.75,8.776658722001196,0,1,-0.1800000000000001,3.1345132254339374,-0.33,-0.0202533299575615,21.799777531751374,7.75,7.0,3.5924702891248135
2011-02-01,0.0999999999999943,1.6570371685605991,1.2503681182811086,0.6782076192674779,2.81,9.471016714807943,2.71,0.0022307592150201,0.0023120385290706,0.0034820761926747,-0.0131234095060484,7.75,9.557915715970712,0,1,0.1,2.0906376592045697,-0.33,-0.0131234095060484,8.138491431209735,7.75,7.6,3.572216959167252
2011-03-01,9.700000000000005,-0.2383008267773885,-0.6527045352479606,0.2249357479096734,3.08,9.46013814810669,2.81,0.0023120385290706,0.0025311312339049,-0.0010506425209032,-0.0162652223110728,8.0,9.471016714807943,0,1,0.27,0.3659585628534305,-0.33,-0.0162652223110728,2.699228974916081,7.75,7.4,3.5590935496612035
2011-04-01,-5.700000000000003,-0.2070763221153875,-0.6288763014077192,0.484762834885198,3.22,9.612939218410157,3.08,0.0025311312339049,0.0026445278387947,0.0015476283488519,0.0037622392366931,8.0,9.46013814810669,0,1,0.1400000000000001,2.06041235721069,-0.33,0.0037622392366931,5.817154018622376,8.0,7.0,3.5428283273501306
2011-05-01,-0.5,0.6955023492132875,0.2667178215492907,0.5992513801940544,3.73,9.59112569816769,3.22,0.0026445278387947,0.0030564266642594,0.0026925138019405,-0.0093686374442807,8.0,9.612939218410157,0,1,0.5099999999999998,2.673910049317466,-0.33,-0.0093686374442807,7.191016562328653,8.0,7.1,3.546590566586824
2011-06-01,2.299999999999997,1.6738622705419566,1.2386219240025385,0.439260758836244,3.71,9.416461089026274,3.73,0.0030564266642594,0.0030403087768253,0.0010926075883624,0.0040682304318102,8.25,9.59112569816769,0,1,-0.02,2.9062195620233773,-0.33,0.0040682304318102,5.271129106034928,8.0,6.2,3.537221929142543
2011-07-01,0.5,-0.3091232335372953,-0.7501921844806829,0.1036337859827028,3.85,9.013072382340903,3.71,0.0030403087768253,0.0031530742084739,-0.0022636621401729,-0.0058507193099655,8.25,9.416461089026274,0,1,0.1400000000000001,1.8569231299801912,-0.33,-0.0058507193099655,1.2436054317924337,8.25,6.0,3.5412901595743533
2011-08-01,2.299999999999997,1.1989660729895075,0.7527082016774213,0.3320266084380339,3.94,8.156579819615395,3.85,0.0031530742084739,0.0032254927088173,2.0266084380338724e-05,0.0300948378463177,8.25,9.013072382340903,0,1,0.0899999999999998,2.325401167036746,-0.33,0.0300948378463177,3.984319301256407,8.25,6.4,3.535439440264388
2011-09-01,1.2999999999999972,1.001326212849648,0.5505836714474309,0.2178042162468804,4.43,7.2127302535576865,3.94,0.0032254927088173,0.00361876568744,-0.0011219578375311,0.0400338462150955,8.25,8.156579819615395,0,1,0.4899999999999997,0.9109051340467392,-0.33,0.0400338462150955,2.613650594962565,8.25,6.0,3.5655342781107056
2011-10-01,5.799999999999997,0.7974363527097861,0.3429256863364082,0.5233734907224153,4.93,7.191394386840577,4.43,0.00361876568744,0.0040183248361511,0.0019337349072241,0.0208582389775613,8.25,7.2127302535576865,0,1,0.5,-0.3874749943282669,-0.33,0.0208582389775613,6.280481888668984,8.25,6.0,3.605568124325801
2011-11-01,1.5999999999999943,1.7484944092365915,1.2909062228742425,0.3293333901979364,5.05,6.776706917235686,4.93,0.0040183248361511,0.004113959301397,-6.666098020636224e-06,-0.0211442375640138,8.25,7.191394386840577,0,1,0.1200000000000001,0.2292874992722993,-0.33,-0.0211442375640138,3.9520006823752367,8.25,6.2,3.6264263633033624
2011-12-01,6.599999999999994,-2.303832950903269,-2.763857806692956,0.2107620396734574,5.41,6.100637542215615,5.05,0.004113959301397,0.0044002630409687,-0.0011923796032654,0.0054337218377562,8.25,6.776706917235686,0,1,0.3600000000000003,0.4602462401947012,-0.33,0.0054337218377562,2.529144476081489,8.25,6.2,3.6052821257393486
2012-01-01,-15.099999999999994,3.185708497231939,2.7237484218905177,-0.0533518723540564,4.84,4.162489723480212,5.41,0.0044002630409687,0.003946533172173,-0.0038335187235405,-0.0188005169452476,8.0,6.100637542215615,0,1,-0.5700000000000003,0.004438931042253,-0.33,-0.0188005169452476,-0.6402224682486768,8.25,6.0,3.610715847577105
2012-02-01,-4.599999999999994,-3.042962831439389,-3.5063041425730668,0.2682076192674813,4.41,3.738728850423767,4.84,0.003946533172173,0.0036027468730472,-0.0006179238073251,-0.0307552914529209,8.0,4.162489723480212,0,1,-0.4299999999999997,3.260871312873772,-0.33,-0.0307552914529209,3.218491431209776,8.0,6.3,3.591915330631857
2012-03-01,11.799999999999995,1.8616991732226056,1.3973939947440632,0.1849357479096671,5.12,3.697489045673042,4.41,0.0036027468730472,0.0041696998373528,-0.0014506425209033,-0.0176848312498911,8.0,3.738728850423767,0,1,0.71,-0.2714511815110163,-0.33,-0.0176848312498911,2.219228974916005,8.0,6.2,3.561160039178936
2012-04-01,-5.0,0.4929236778846153,0.0281788785397432,0.3647628348851935,5.34,3.57358484687309,5.12,0.0041696998373528,0.0043446631398347,0.0003476283488519,0.0028753268764014,8.0,3.697489045673042,0,1,0.2199999999999997,-1.093749568709128,-0.33,0.0028753268764014,4.377154018622322,8.0,6.3,3.543475207929045
2012-05-01,1.2999999999999972,2.4955023492132846,2.03085201226213,0.6392513801940465,5.8,3.614816369503204,5.34,0.0043446631398347,0.0047094157243421,0.0030925138019404,0.0285465644060596,8.0,3.57358484687309,0,1,0.4599999999999999,-0.0072260145410569,-0.33,0.0285465644060596,7.671016562328558,8.0,5.6,3.5463505348054465
2012-06-01,1.5,0.8738622705419594,0.4098483591595146,1.0992607588362406,5.77,4.297104893935733,5.8,0.0047094157243421,0.0046856718676875,0.0076926075883624,0.0528779811186592,8.0,3.614816369503204,0,1,-0.0300000000000002,-1.7130067299961542,-0.33,0.0528779811186592,13.191129106034888,8.0,5.2,3.574897099211506
2012-07-01,-0.4000000000000057,-1.209123233537301,-1.6720919076508376,1.343633785982712,5.61,5.590518335964734,5.77,0.0046856718676875,0.004558933608846,0.0101363378598271,-0.0196607078342472,8.0,4.297104893935733,0,1,-0.1599999999999992,0.4877825757427874,-0.33,-0.0196607078342472,16.123605431792544,8.0,5.2,3.6277750803301654
2012-08-01,2.9000000000000057,1.798966072989516,1.3372898346786832,0.6720266084380231,5.33,5.950389789796207,5.61,0.004558933608846,0.0043367175322408,0.0034202660843802,-0.0140115090485752,8.0,5.590518335964734,0,1,-0.2800000000000002,1.3941351522937049,-0.33,-0.0140115090485752,8.064319301256276,8.0,5.2,3.608114372495918
2012-09-01,0.2000000000000028,-0.0986737871503461,-0.5588558867974942,0.8078042162468838,5.53,6.575747232533113,5.33,0.0043367175322408,0.0044954984622596,0.0047780421624688,0.0043949302572179,8.0,5.950389789796207,0,1,0.2000000000000001,-0.5949896245155073,-0.33,0.0043949302572179,9.693650594962604,8.0,5.0,3.594102863447343
2012-10-01,4.0,-1.002563647290211,-1.4611882684351394,0.5033734907224051,6.1,6.554533907048898,5.53,0.0044954984622596,0.0049465154488059,0.001733734907224,-0.0076184214398047,8.25,6.575747232533113,0,1,0.5699999999999994,0.7192708062019837,-0.33,-0.0076184214398047,6.040481888668861,8.0,5.0,3.598497793704561
2012-11-01,0.4000000000000057,0.5484944092366031,0.0913910528465664,0.2493333901979381,6.12,6.46964680574873,6.1,0.0049465154488059,0.0049623002383452,-0.0008066660980206,0.0037251683526666,8.25,6.554533907048898,0,1,0.0200000000000004,0.6358203240568847,-0.33,0.0037251683526666,2.992000682375257,8.25,5.1,3.590879372264756
2012-12-01,5.700000000000003,-3.2038329509032604,-3.659449338464066,0.3107620396734659,6.17,6.575650038331138,6.12,0.0049623002383452,0.0050017502848112,-0.0001923796032653,-0.0097956390670259,8.25,6.46964680574873,0,1,0.0499999999999998,0.2535128592983864,-0.33,-0.0097956390670259,3.729144476081591,8.25,5.2,3.5946045406174227
2013-01-01,-13.099999999999994,5.185708497231939,4.73154035379548,0.4166481276459424,5.42,7.074063526072583,6.17,0.0050017502848112,0.0044082031209211,0.0008664812764594,-0.0082962729789173,8.25,6.575650038331138,0,1,-0.75,-2.828841812013507,-0.33,-0.0082962729789173,4.999777531751309,8.25,5.1,3.5848089015503968
2013-02-01,-4.200000000000003,-2.642962831439398,-3.095471755809338,0.458207619267479,5.66,7.2767542909421,5.42,0.0044082031209211,0.004598558211035,0.0012820761926747,0.0002763533331191,8.25,7.074063526072583,0,1,0.2400000000000002,-5.412451518878442,-0.33,0.0002763533331191,5.498491431209748,8.25,6.0,3.5765126285714794
2013-03-01,11.400000000000006,1.4616991732226143,1.010981563317188,-0.0550642520903277,6.03,7.020774761912207,5.66,0.004598558211035,0.0048912471980258,-0.0038506425209032,0.0042593409550963,8.25,7.2767542909421,0,1,0.3700000000000001,-2.2983276429480526,-0.33,0.0042593409550963,-0.6607710250839324,8.25,5.8,3.5767889819045986
2013-04-01,-4.599999999999994,0.892923677884621,0.4442655616139015,0.5647628348851963,6.22,7.23415483321499,6.03,0.0048912471980258,0.0050411833044619,0.0023476283488519,0.0188241800145743,8.25,7.020774761912207,0,1,0.1899999999999995,-0.9871057011851324,-0.33,0.0188241800145743,6.777154018622356,8.25,5.7,3.581048322859695
2013-05-01,1.5999999999999943,2.795502349213282,2.3492377824666515,0.779251380194047,6.37,7.38350602379052,6.22,0.0050411833044619,0.005159380356001,0.0044925138019404,-0.0036020480952019,8.25,7.23415483321499,0,1,0.1500000000000003,-2.4792616044661324,-0.33,-0.0036020480952019,9.351016562328564,8.25,5.6,3.5998725028742693
2013-06-01,0.2000000000000028,-0.4261377294580377,-0.8696396658471185,0.6292607588362418,6.3,6.883255772713293,6.37,0.005159380356001,0.0051042407584538,0.0029926075883624,0.0396407371822014,8.25,7.38350602379052,0,1,-0.0700000000000002,-0.1752027146605239,-0.33,0.0396407371822014,7.551129106034901,8.25,5.2,3.5962704547790674
2013-07-01,1.0,0.1908767664627046,-0.2496215753039598,0.9336337859827012,6.08,6.450359053689159,6.3,0.0051042407584538,0.0049307279315307,0.006036337859827,0.0088407868710596,8.25,6.883255772713293,0,1,-0.2199999999999997,-0.9751642226930096,-0.33,0.0088407868710596,11.203605431792417,8.25,5.4,3.6359111919612688
2013-08-01,2.0999999999999943,0.9989660729895048,0.5616445651849913,0.7120266084380293,6.11,6.49289665970465,6.08,0.0049307279315307,0.004954408184481,0.0038202660843802,0.0175236679562984,8.25,6.450359053689159,0,1,0.0300000000000002,-1.879369152633086,-0.33,0.0175236679562984,8.544319301256351,8.25,5.3,3.6447519788323284
2013-09-01,-0.2000000000000028,-0.4986737871503519,-0.932695611746493,0.4678042162468804,6.25,6.132801335345617,6.11,0.004954408184481,0.0050648349497708,0.0013780421624688,-0.0116599648420829,5.5,6.49289665970465,0,1,0.1399999999999996,-0.2879728088125828,-0.33,-0.0116599648420829,5.613650594962564,8.25,5.2,3.662275646788627
2013-10-01,7.0,1.997436352709789,1.5667476673799237,0.6133734907224045,6.06,6.249012843875268,6.25,0.0050648349497708,0.0049149376855333,0.002833734907224,-0.0040950344373262,5.5,6.132801335345617,0,1,-0.1900000000000004,-0.5009999838166108,-0.33,-0.0040950344373262,7.360481888668854,5.5,5.3,3.650615681946544
2013-11-01,-0.4000000000000057,-0.2515055907634083,-0.6788523034288187,0.4693333901979369,6.2,6.481968622484513,6.06,0.0049149376855333,0.0050254121388362,0.0013933339019793,0.01319596024801,5.5,6.249012843875268,0,1,0.1400000000000005,1.3815445278814311,-0.33,0.01319596024801,5.632000682375243,5.5,5.5,3.6465206475092176
2013-12-01,7.799999999999997,-1.103832950903266,-1.5279622820871133,0.2807620396734648,6.4,6.450195606185782,6.2,0.0050254121388362,0.005183001430342,-0.0004923796032653,0.012709854192245,5.5,6.481968622484513,0,1,0.2000000000000001,-0.9403092765262864,-0.33,0.012709854192245,3.3691444760815776,5.5,5.4,3.6597166077572276
2014-01-01,-16.200000000000003,2.08570849723193,1.6645856742867562,0.0366481276459469,6.06,6.049570922315817,6.4,0.005183001430342,0.0049149376855333,-0.0029335187235405,0.024119514431887,5.5,6.450195606185782,0,1,-0.3400000000000007,-1.4666273404398538,-0.33,0.024119514431887,0.4397775317513628,5.5,5.6,3.6724264619494726
2014-02-01,-2.799999999999997,-1.242962831439392,-1.6612701929569715,0.5982076192674796,5.99,6.197213523042988,6.06,0.0049149376855333,0.0048596503216116,0.0026820761926747,0.0418879211947413,5.5,6.049570922315817,0,1,-0.0699999999999994,0.9025896919960046,-0.33,0.0418879211947413,7.178491431209755,5.5,5.6,3.6965459763813597
2014-03-01,9.900000000000006,-0.0383008267773856,-0.4540795434740161,0.6249357479096649,7.85,6.91690761508672,5.99,0.0048596503216116,0.0063174704723885,0.0029493574790966,0.032562876099778,7.0,6.197213523042988,0,1,1.8599999999999997,0.2674430257574141,-0.33,0.032562876099778,7.499228974915979,5.5,5.6,3.738433897576101
2014-04-01,-2.299999999999997,3.192923677884618,2.7794063855923445,0.9547628348851968,7.87,7.331767768005681,7.85,0.0063174704723885,0.006333020340246,0.0062476283488519,-0.0150289696162513,7.5,6.91690761508672,0,1,0.0200000000000004,1.327971185980744,-0.33,-0.0150289696162513,11.45715401862236,7.0,5.4,3.770996773675879
2014-05-01,-2.4000000000000057,-1.2044976507867182,-1.6159696095995435,1.019251380194056,8.21,7.587675022767493,7.87,0.006333020340246,0.006596964541377,0.0068925138019405,-0.0258193513466475,7.5,7.331767768005681,0,1,0.3400000000000007,1.7841941253700482,-0.33,-0.0258193513466475,12.231016562328673,7.5,5.3,3.755967804059628
2014-06-01,2.299999999999997,1.6738622705419566,1.2640776694430216,0.8292607588362446,8.23,7.8019504161607856,8.21,0.006596964541377,0.006612466985759,0.0049926075883624,-0.0157076442329153,7.5,7.587675022767493,0,1,0.0199999999999995,-0.5639604235918456,-0.33,-0.0157076442329153,9.951129106034935,7.5,4.9,3.7301484527129802
2014-07-01,2.0999999999999943,1.290876766462699,0.882391882583226,0.6036337859827028,8.17,7.449097374727209,8.23,0.006612466985759,0.0065659517715725,0.002736337859827,0.0035126321863914,8.0,7.8019504161607856,0,1,-0.0600000000000005,0.5833113692080146,-0.33,0.0035126321863914,7.243605431792433,7.5,4.9,3.714440808480065
2014-08-01,1.7000000000000028,0.5989660729895132,0.1912758179347132,0.8120266084380237,7.88,7.556396253671394,8.17,0.0065659517715725,0.0063407942831432,0.0048202660843802,0.0315228380861332,8.0,7.449097374727209,0,1,-0.29,-0.8741475021990622,-0.33,0.0315228380861332,9.744319301256285,8.0,4.9,3.7179534406664563
2014-09-01,0.9000000000000057,0.6013262128496566,0.1937467731103124,0.9078042162468924,7.95,8.02865265873689,7.88,0.0063407942831432,0.0063951933951151,0.0057780421624689,0.0321223281923424,8.0,7.556396253671394,0,1,0.0700000000000002,1.9634654484842315,-0.33,0.0321223281923424,10.89365059496271,8.0,4.8,3.7494762787525895
2014-10-01,6.299999999999997,1.297436352709786,0.8890919066193401,0.8633734907224045,8.24,8.297193606978759,7.95,0.0063951933951151,0.006620217223227,0.005333734907224,0.0627714580800646,8.0,8.02865265873689,0,1,0.29,2.096013412242879,-0.33,0.0627714580800646,10.360481888668854,8.0,4.9,3.781598606944932
2014-11-01,-3.200000000000003,-3.051505590763405,-3.461696327665873,1.1893333901979355,10.21,9.072591174570489,8.24,0.006620217223227,0.008134359807566,0.0085933339019793,0.1141015884196638,9.5,8.297193606978759,0,1,1.9700000000000009,-1.176776771705439,-0.33,0.1141015884196638,14.272000682375223,8.0,5.1,3.8443700650249966
2014-12-01,9.0,0.0961670490967367,-0.3172184683665495,2.390762039673464,15.47,11.362345103317306,10.21,0.008134359807566,0.0120588427295966,0.0206076203967346,0.1785700967502377,17.0,9.072591174570489,0,1,5.26,3.144676179370072,-0.33,0.1785700967502377,28.68914447608157,9.5,5.2,3.9584716534446605
2015-01-01,-17.0,1.2857084972319337,0.8677528997494641,3.2966481276459376,16.96,14.971463753648507,15.47,0.0120588427295966,0.013140741376346,0.0296664812764593,0.1219153078598198,17.0,11.362345103317306,0,0,1.4900000000000002,-0.7399647311907297,-0.33,0.0,39.55977753175125,17.0,5.3,4.137041750194898
2015-02-01,0.5,2.057037168560605,1.6331314109513242,2.1182076192674755,15.12,16.706882074458274,16.96,0.013140741376346,0.0118028500829483,0.0178820761926747,-0.0180946995534139,15.0,14.971463753648507,0,0,-1.8400000000000016,-2.5312548803381585,-0.33,-0.0,25.418491431209706,17.0,5.5,4.258957058054718
2015-03-01,7.5,-2.438300826777392,-2.869601865888414,0.8149357479096626,14.9,16.92638620823521,15.12,0.0118028500829483,0.0116415750096514,0.0048493574790966,-0.0876906163449824,14.0,16.706882074458274,0,0,-0.2199999999999988,0.4703017414171089,-0.33,-0.0,9.779228974915952,15.0,5.8,4.240862358501304
2015-04-01,-9.200000000000005,-3.707076322115388,-4.147396217273924,0.5147628348851849,14.36,16.41649909295646,14.9,0.0116415750096514,0.0112445147234612,0.0018476283488518,-0.1263746111838095,14.0,16.92638620823521,0,0,-0.5400000000000009,-2.535623074846685,-0.33,-0.0,6.177154018622219,14.0,5.9,4.153171742156322
2015-05-01,-5.900000000000006,-4.704497650786719,-5.155439151802026,0.4692513801940447,12.83,15.781919563708405,14.36,0.0112445147234612,0.0101101048322098,0.0013925138019404,-0.0360513720279662,12.5,16.41649909295646,0,0,-1.5299999999999994,-3.149390197894453,-0.33,-0.0,5.631016562328536,14.0,5.8,4.026797130972512
2015-06-01,3.5999999999999943,2.9738622705419537,2.5110052522233284,0.3992607588362378,12.5,15.287125035658368,12.83,0.0101101048322098,0.0098635805532114,0.0006926075883623,0.077318557940007,11.5,15.781919563708405,0,0,-0.33,-1.671184411555355,-0.33,0.0,4.7911291060348535,12.5,5.6,3.990745758944546
2015-07-01,3.200000000000003,2.3908767664627075,1.915477174364696,0.9136337859827052,11.52,15.64277245093406,12.5,0.0098635805532114,0.0091275510903654,0.005836337859827,0.0394207898351171,11.5,15.287125035658368,0,0,-0.9800000000000004,-2.300971792005917,-0.33,0.0,10.963605431792462,11.5,5.4,4.068064316884553
2015-08-01,3.5,2.39896607298951,1.9108893302417809,0.9220266084380232,10.86,15.769674934669098,11.52,0.0091275510903654,0.0086285093289499,0.0059202660843802,0.1375842737614974,11.0,15.64277245093406,0,0,-0.6600000000000001,-0.6386023609496427,-0.33,0.0,11.064319301256278,11.5,5.3,4.10748510671967
2015-09-01,1.2999999999999972,1.001326212849648,0.5007972029393902,0.8278042162468798,11.15,15.677657309286383,10.86,0.0086285093289499,0.0088481197642495,0.0049780421624687,0.0246058693538158,11.0,15.769674934669098,0,0,0.2900000000000009,-1.1837663503822573,-0.33,0.0,9.933650594962558,11.0,5.3,4.245069380481167
2015-10-01,4.400000000000006,-0.6025636472902054,-1.1150932811662178,0.7833734907224063,11.14,15.58586785694811,11.15,0.0088481197642495,0.0088405557387392,0.004533734907224,-0.05380153090017,11.0,15.677657309286383,0,0,-0.0099999999999997,-2.5361096449133083,-0.33,-0.0,9.400481888668876,11.0,5.2,4.269675249834983
2015-11-01,1.2000000000000028,1.3484944092366002,0.8246077767176558,0.6593333901979347,11.43,14.981005001851532,11.14,0.0088405557387392,0.0090596596129186,0.0032933339019793,0.0067275553513521,11.0,15.58586785694811,0,0,0.2899999999999991,0.0048040768442113,-0.33,0.0,7.912000682375217,11.0,5.5,4.215873718934813
2015-12-01,14.200000000000005,5.29616704909674,4.761836462417148,0.5407620396734557,11.07,12.908164822028656,11.43,0.0090596596129186,0.0087875900850604,0.0021076203967345,0.0738805260755626,11.0,14.981005001851532,0,0,-0.3599999999999994,-2.9604127449973507,-0.33,0.0,6.489144476081469,11.0,5.8,4.222601274286165
2016-01-01,-21.3,-3.014291502768064,-3.5579408443954934,0.4066481276459373,11.02,9.766088786056937,11.07,0.0087875900850604,0.0087497387379589,0.0007664812764593,0.1103742363269129,11.0,12.908164822028656,0,0,-0.0500000000000007,-1.6311480039420956,-0.33,0.0,4.879777531751247,11.0,5.8,4.296481800361728
2016-02-01,-0.5,1.057037168560605,0.5050757428410021,0.5282076192674722,10.84,8.05871174467725,11.02,0.0087497387379589,0.0086133443773701,0.0019820761926747,0.0024205219478563,11.0,9.766088786056937,1,0,-0.1799999999999997,0.9934159907242806,7.72871174467725,0.0,6.3384914312096665,11.0,5.8,4.406856036688641
2016-03-01,13.599999999999994,3.661699173222603,3.102560885134654,0.0649357479096626,10.94,7.257960496692783,10.84,0.0086133443773701,0.0086891440671605,-0.0026506425209033,-0.0931645089021726,11.0,8.05871174467725,1,0,0.0999999999999996,0.01421020388302,6.927960496692783,-0.0,0.7792289749159511,11.0,5.8,4.409276558636497
2016-04-01,-3.799999999999997,1.6929236778846182,1.1278372253159472,0.4947628348851889,10.73,7.236607130079875,10.94,0.0086891440671605,0.0085298922801642,0.0016476283488518,-0.0436436049005939,11.0,7.257960496692783,1,0,-0.209999999999999,-1.1679033868062116,6.906607130079875,-0.0,5.937154018622267,11.0,6.0,4.316112049734325
2016-05-01,-2.299999999999997,-1.1044976507867097,-1.674425549401703,0.529251380194047,11.06,7.300724682922977,10.73,0.0085298922801642,0.0087800210653703,0.0019925138019404,-0.0144010512427668,11.0,7.236607130079875,1,0,0.33,-0.6520637905034627,6.9707246829229765,-0.0,6.351016562328565,11.0,5.9,4.272468444833731
2016-06-01,2.0999999999999943,1.4738622705419535,0.8999993428322763,0.5692607588362395,10.64,7.482789990798988,11.06,0.0087800210653703,0.0084615567482699,0.0023926075883623,-0.0117241252408835,10.5,7.300724682922977,1,0,-0.4199999999999999,0.8626710880330797,7.152789990798988,-0.0,6.831129106034874,11.0,5.6,4.258067393590964
2016-07-01,-0.0999999999999943,-0.9091232335372896,-1.486098795320732,0.6536337859827142,10.38,7.205552635664003,10.64,0.0084615567482699,0.0082638563713803,0.0032363378598271,-0.0206217339271592,10.5,7.482789990798988,1,0,-0.2599999999999998,1.2772886262529026,6.875552635664003,-0.0,7.84360543179257,10.5,5.4,4.24634326835008
2016-08-01,1.2999999999999972,0.1989660729895075,-0.3804462497318628,0.5820266084380339,10.34,6.842325053241249,10.38,0.0082638563713803,0.008233403047692,0.0025202660843803,0.0152230718887533,10.5,7.205552635664003,1,0,-0.0400000000000009,-0.1072837061089533,6.512325053241249,0.0,6.984319301256407,10.5,5.3,4.225721534422921
2016-09-01,3.5999999999999943,3.301326212849645,2.720109681746332,0.4278042162468883,10.24,6.417377951508141,10.34,0.008233403047692,0.0081572254414694,0.0009780421624688,-0.0058295722431047,10.0,6.842325053241249,1,0,-0.0999999999999996,0.3097928600835051,6.087377951508141,-0.0,5.13365059496266,10.5,5.2,4.2409446063116745
2016-10-01,4.799999999999997,-0.2025636472902139,-0.7849687349208837,0.4733734907224182,10.32,6.089907362219216,10.24,0.0081572254414694,0.0082181725907213,0.0014337349072241,-0.0372003508462066,10.0,6.417377951508141,1,0,0.08,2.72936454422364,5.759907362219216,-0.0,5.680481888669018,10.0,5.2,4.23511503406857
2016-11-01,0.7999999999999972,0.9484944092365946,0.3653106197260799,0.3493333901979324,10.02,5.76347687802774,10.32,0.0082181725907213,0.0079894114918179,0.0001933339019793,0.0166550026408298,10.0,6.089907362219216,1,0,-0.3000000000000007,3.6522560523117535,5.43347687802774,0.0,4.192000682375189,10.0,5.4,4.197914683222363
2016-12-01,13.799999999999995,4.896167049096734,4.312463126864514,0.1707620396734653,10.16,5.375142190671678,10.02,0.0079894114918179,0.0080962377357491,-0.0015923796032653,-0.0458305911004446,10.0,5.76347687802774,1,0,0.1400000000000005,2.0791025511436856,5.045142190671678,-0.0,2.049144476081584,10.0,5.4,4.214569685863193
2017-01-01,-20.200000000000003,-1.9142915027680687,-2.498433642846265,0.066648127645948,10.11,5.020273447161117,10.16,0.0080962377357491,0.0080580997995058,-0.0026335187235405,-0.0351744303651173,10.0,5.375142190671678,1,0,-0.0500000000000007,3.5102855786227565,4.6902734471611165,-0.0,0.799777531751376,10.0,5.3,4.168739094762748
2017-02-01,-2.799999999999997,-1.242962831439392,-1.827937405376276,0.1182076192674756,10.14,4.592386016838779,10.11,0.0080580997995058,0.0080809844657561,-0.0021179238073252,-0.0181580286633815,10.0,5.020273447161117,1,0,0.0300000000000011,-2.453957709469321,4.262386016838779,-0.0,1.4184914312097072,10.0,5.6,4.133564664397631
2017-03-01,10.400000000000006,0.4616991732226143,-0.1248046791378016,-0.2650642520903357,9.9,4.248811585367962,10.14,0.0080809844657561,0.0078977469157408,-0.0059506425209033,-0.0077546925932594,9.75,4.592386016838779,1,0,-0.2400000000000002,1.2863660728173143,3.918811585367962,-0.0,-3.180771025084028,10.0,5.6,4.115406635734249
2017-04-01,-8.799999999999997,-3.307076322115382,-3.895981985918712,0.3847628348851895,9.58,4.13464024651502,9.9,0.0078977469157408,0.0076528587529403,0.0005476283488518,-0.0259368455432937,9.75,4.248811585367962,1,0,-0.3200000000000003,0.9314207251623534,3.80464024651502,-0.0,4.617154018622274,9.75,5.4,4.10765194314099
2017-05-01,-1.9000000000000057,-0.7044976507867182,-1.2968446805152736,0.4892513801940549,9.13,4.0931564738842185,9.58,0.0076528587529403,0.007307373340341,0.0015925138019405,0.0234443339371805,9.25,4.13464024651502,1,0,-0.4499999999999993,4.581280716268205,3.7631564738842185,0.0,5.871016562328659,9.75,5.3,4.081715097597696
2017-06-01,2.200000000000003,1.5738622705419625,0.977137853247518,0.8192607588362395,9.11,4.352455887181073,9.13,0.007307373340341,0.0072919881423396,0.0048926075883623,0.0231984980689681,9.0,4.0931564738842185,1,0,-0.0200000000000013,1.0359558328424785,4.0224558871810725,0.0,9.831129106034874,9.25,5.2,4.105159431534877
2017-07-01,1.7999999999999972,0.9908767664627018,0.3890325314617219,0.183633785982701,8.95,3.8646335849433777,9.11,0.0072919881423396,0.0071688134099689,-0.0014636621401729,0.0415638463363663,9.0,4.352455887181073,1,0,-0.1600000000000001,-2.2048622829014035,3.5346335849433776,0.0,2.203605431792412,9.0,5.1,4.128357929603845
2017-08-01,1.5999999999999943,0.4989660729895047,-0.1086146751540055,0.0320266084380225,8.54,3.293435220062668,8.95,0.0071688134099689,0.0068524196765606,-0.0029797339156197,0.0114292308922054,9.0,3.8646335849433777,1,0,-0.4100000000000001,1.558446069872701,2.963435220062668,0.0,0.38431930125627,9.0,5.1,4.169921775940211
2017-09-01,0.5999999999999943,0.3013262128496453,-0.3125090253157556,0.1078042162468809,8.37,2.963457190009544,8.54,0.0068524196765606,0.0067209106268197,-0.0022219578375311,-0.0269178880198008,8.5,3.293435220062668,1,0,-0.1699999999999999,1.0256537074372485,2.633457190009544,-0.0,1.2936505949625707,9.0,4.9,4.181351006832417
2017-10-01,5.400000000000006,0.3974363527097946,-0.2230650911144481,0.2433734907224142,8.04,2.7276551870851096,8.37,0.0067209106268197,0.0064650876169554,-0.0008662650927758,-0.0070403430541174,8.25,2.963457190009544,1,0,-0.33,-2.303574779356825,2.397655187085109,-0.0,2.9204818886689705,8.5,5.0,4.154433118812616
2017-11-01,2.0999999999999943,2.248494409236592,1.6210430073746118,0.1293333901979335,8.01,2.502644393166764,8.04,0.0064650876169554,0.006441795475137,-0.0020066660980206,0.019567310436364,8.25,2.7276551870851096,1,0,-0.0299999999999993,-4.029646025610491,2.172644393166764,0.0,1.552000682375202,8.25,5.0,4.147392775758498
2017-12-01,11.599999999999994,2.696167049096731,2.0616253907075026,0.1907620396734614,7.73,2.5230632466315406,8.01,0.006441795475137,0.0062241157181159,-0.0013923796032653,-0.0015721541749078,7.75,2.502644393166764,1,0,-0.2799999999999993,-4.252806695953932,2.1930632466315405,-0.0,2.2891444760815367,8.25,5.1,4.166960086194862
2018-01-01,-20.0,-1.7142915027680663,-2.356032834715739,-0.2433518723540542,7.09,2.2072001020633225,7.73,0.0062241157181159,0.0057246080037485,-0.0057335187235405,-0.0201449731638252,7.75,2.5230632466315406,1,0,-0.6400000000000006,0.1269763815122306,1.8772001020633224,-0.0,-2.9202224682486504,7.75,5.1,4.1653879320199545
2018-02-01,-2.0999999999999943,-0.5429628314393893,-1.1921255409482945,0.1082076192674705,7.15,2.197001818277444,7.09,0.0057246080037485,0.0057715529303064,-0.0022179238073252,0.0117516895716596,7.5,2.2072001020633225,1,0,0.0600000000000005,0.6100317124856947,1.867001818277444,0.0,1.298491431209646,7.75,5.2,4.145242958856129
2018-03-01,13.400000000000006,3.4616991732226143,2.804944708569393,-0.1050642520903248,7.15,2.360304727404849,7.15,0.0057715529303064,0.0057715529303064,-0.0043506425209032,0.0025932311475269,7.25,2.197001818277444,1,0,0.0,0.0966789848598939,2.030304727404849,0.0,-1.2607710250838975,7.5,5.0,4.156994648427789
2018-04-01,-5.400000000000006,0.0929236778846096,-0.5714588065804063,0.4347628348851867,7.0,2.411316540784392,7.15,0.0057715529303064,0.0056541453874052,0.0010476283488518,0.0601444222258198,7.25,2.360304727404849,1,0,-0.1500000000000003,0.587195523214894,2.081316540784392,0.0,5.2171540186222405,7.25,5.0,4.159587879575316
2018-05-01,0.0,1.1955023492132877,0.523394905357621,0.4992513801940458,6.95,2.421519919935622,7.0,0.0056541453874052,0.0056149760106474,0.0016925138019404,0.0043294606213581,7.25,2.411316540784392,1,0,-0.0499999999999998,0.8818519383123644,2.091519919935622,0.0,5.99101656232855,7.25,4.9,4.219732301801136
2018-06-01,1.0999999999999943,0.4738622705419537,-0.2060880625552515,0.699260758836235,7.02,2.2993592759599224,6.95,0.0056149760106474,0.0056698084403881,0.0036926075883623,0.0026857990833102,7.25,2.421519919935622,1,0,0.0699999999999994,-0.5191219365529105,1.9693592759599223,0.0,8.39112910603482,7.25,4.7,4.224061762422494
2018-07-01,1.5999999999999943,0.790876766462699,0.102908277132607,0.3836337859827039,7.09,2.503814875592103,7.02,0.0056698084403881,0.0057246080037485,0.000536337859827,0.0019108440908199,7.25,2.2993592759599224,1,0,0.0700000000000002,0.8844424921959297,2.173814875592103,0.0,4.603605431792447,7.25,4.7,4.226747561505804
2018-08-01,2.200000000000003,1.0989660729895132,0.4027611349657379,0.5820266084380339,7.03,3.070646749527106,7.09,0.0057246080037485,0.005677638960706,0.0025202660843803,0.0435037330535639,7.25,2.503814875592103,1,0,-0.0599999999999996,0.1927498682701931,2.740646749527106,0.0,6.984319301256407,7.25,4.7,4.228658405596624
2018-09-01,0.7000000000000028,0.4013262128496538,-0.3033836382061849,0.4178042162468832,7.15,3.3906457529557787,7.03,0.005677638960706,0.0057715529303064,0.0008780421624688,0.0281293505364805,7.5,3.070646749527106,1,0,0.1200000000000001,-0.294056584236293,3.0606457529557787,0.0,5.013650594962599,7.25,4.6,4.272162138650188
2018-10-01,5.0,-0.002563647290211,-0.7161250171173381,0.3933734907224057,7.27,3.5454221687536203,7.15,0.0057715529303064,0.005865370537434,0.000633734907224,-0.0334818032858468,7.5,3.3906457529557787,1,0,0.1199999999999992,2.724152973362765,3.21542216875362,-0.0,4.720481888668868,7.5,4.5,4.300291489186669
2018-11-01,1.0999999999999943,1.2484944092365915,0.5256778418063153,0.4093333901979347,7.25,3.8347129111927503,7.27,0.005865370537434,0.0058497409526456,0.0007933339019793,0.0019723932603792,7.5,3.5454221687536203,1,0,-0.0199999999999995,1.8475288003498007,3.50471291119275,0.0,4.912000682375217,7.5,4.7,4.266809685900822
2018-12-01,10.0,1.0961670490967368,0.3636842630427801,0.6107620396734631,7.49,4.268994721815145,7.25,0.0058497409526456,0.006037119893943,0.0028076203967346,0.015203274644703,7.75,3.8347129111927503,1,0,0.2400000000000002,3.876031978717404,3.9389947218151447,0.0,7.329144476081558,7.5,4.8,4.268782079161201
2019-01-01,-18.8,-0.5142915027680637,-1.256895376060582,0.4566481276459486,7.65,4.99662204018092,7.49,0.006037119893943,0.0061618262441982,0.0012664812764594,-0.0105836283099529,7.75,4.268994721815145,1,0,0.1600000000000001,0.2094952898470543,4.66662204018092,-0.0,5.479777531751383,7.75,4.8,4.283985353805904
2019-02-01,1.2999999999999972,2.857037168560602,2.1037882359686906,0.3382076192674745,7.59,5.237608199937838,7.65,0.0061618262441982,0.0061150812860284,8.207619267474486e-05,-0.0132197684777075,7.75,4.99662204018092,1,0,-0.0600000000000005,1.747482346232819,4.907608199937838,-0.0,4.058491431209694,7.75,4.9,4.273401725495951
2019-03-01,8.700000000000003,-1.2383008267773885,-2.00270060977436,-0.0750642520903379,7.68,5.269088190425397,7.59,0.0061150812860284,0.0061851897679632,-0.0040506425209033,-0.0123807040229104,7.75,5.237608199937838,1,0,0.0899999999999998,0.2895422120847399,4.939088190425397,-0.0,-0.9007710250840548,7.75,4.9,4.2601819570182435
2019-04-01,-4.700000000000003,0.7929236778846125,0.0167393379268043,0.3447628348851975,7.75,5.174704668437546,7.68,0.0061851897679632,0.0062396814612857,0.0001476283488519,-0.0106258184921825,7.75,5.269088190425397,1,0,0.0700000000000002,2.83510259867215,4.844704668437546,-0.0,4.13715401862237,7.75,4.7,4.247801252995333
2019-05-01,1.0,2.1955023492132875,1.4069109067199896,0.4592513801940538,7.72,5.132794046931899,7.75,0.0062396814612857,0.0062163318531474,0.0012925138019405,0.0008769784515614,7.75,5.174704668437546,1,0,-0.0300000000000002,-1.316428889833682,4.802794046931899,0.0,5.511016562328646,7.75,4.7,4.2371754345031505
2019-06-01,-2.299999999999997,-2.9261377294580377,-3.7277488215343766,0.2492607588362463,7.58,4.662003348144772,7.72,0.0062163318531474,0.0061072881365387,-0.0008073924116375,-0.0058144065366283,7.5,5.132794046931899,1,0,-0.1399999999999996,0.9341584686136146,4.332003348144772,-0.0,2.9911291060349554,7.75,4.5,4.238052412954712
2019-07-01,2.799999999999997,1.9908767664627016,1.1755457741365722,0.3136337859827107,7.32,4.5889372243353765,7.58,0.0061072881365387,0.0059044328158779,-0.0001636621401728,-0.0170285898343705,7.25,4.662003348144772,1,0,-0.2599999999999998,2.0861668147332946,4.2589372243353765,-0.0,3.763605431792528,7.5,4.4,4.232238006418084
2019-08-01,1.4000000000000057,0.298966072989516,-0.5306139024264134,0.3320266084380339,7.13,4.327491025894381,7.32,0.0059044328158779,0.0057559072994648,2.0266084380338724e-05,0.0319961930048284,7.25,4.5889372243353765,1,0,-0.1900000000000004,1.7388334171287745,3.997491025894381,0.0,3.984319301256407,7.25,4.5,4.215209416583713
2019-09-01,0.5999999999999943,0.3013262128496453,-0.5429422957925554,0.09780421624689,6.86,3.994176358080037,7.13,0.0057559072994648,0.0055444288125703,-0.002321957837531,-0.0141737691925767,7.0,4.327491025894381,1,0,-0.2699999999999996,2.891250671707952,3.664176358080037,-0.0,1.17365059496268,7.25,4.3,4.2472056095885415
2019-10-01,7.5,2.497436352709789,1.6381661415960516,0.1733734907224068,6.79,3.766187132382215,6.86,0.0055444288125703,0.0054895211046772,-0.0015662650927759,-0.0079155704139193,6.5,3.994176358080037,1,0,-0.0700000000000002,2.3423902220581447,3.436187132382215,-0.0,2.0804818886688814,7.0,4.5,4.233031840395965
2019-11-01,-0.5,-0.3515055907634026,-1.2259265883766397,0.1893333901979358,6.46,3.539037270002865,6.79,0.0054895211046772,0.0052302252694751,-0.0014066660980206,-0.007071188540582,6.5,3.766187132382215,1,0,-0.33,-0.508977069530022,3.209037270002865,-0.0,2.272000682375229,6.5,4.6,4.2251162699820455
2019-12-01,15.200000000000005,6.29616704909674,5.406496504635731,0.1307620396734591,6.15,3.0461898097727813,6.46,0.0052302252694751,0.0049859723103033,-0.0019923796032654,-0.0123937107120584,6.25,3.539037270002865,1,0,-0.3099999999999996,0.6357569932464673,2.716189809772781,-0.0,1.569144476081509,6.5,4.6,4.218045081441463
2020-01-01,-24.599999999999994,-6.314291502768061,-7.219174896954561,-0.1533518723540508,6.04,2.4238932472150143,6.15,0.0049859723103033,0.0048991447098276,-0.0048335187235405,-0.0182178906711829,6.25,3.0461898097727813,1,0,-0.1100000000000003,-0.3247640476795486,2.0938932472150142,-0.0,-1.8402224682486092,6.25,4.6,4.205651370729405
2020-02-01,-0.5999999999999943,0.9570371685606108,0.0367376280952946,0.228207619267475,5.94,2.311720524622496,6.04,0.0048991447098276,0.0048201388511142,-0.0010179238073252,0.0265075614259027,6.0,2.4238932472150143,1,0,-0.0999999999999996,3.208059199833561,1.981720524622496,0.0,2.7384914312097,6.25,4.7,4.187433480058222
2020-03-01,9.900000000000006,-0.0383008267773856,-0.9739584721603792,0.154935747909666,5.79,2.546286869525449,5.94,0.0048201388511142,0.0047015017912679,-0.0017506425209033,0.1455520701266666,6.0,2.311720524622496,1,0,-0.1500000000000003,0.9328486809862996,2.2162868695254487,0.0,1.859228974915992,6.0,4.6,4.213941041484125
2020-04-01,-3.5999999999999943,1.892923677884621,0.9422247556353776,0.8847628348851895,5.99,3.098435587339221,5.79,0.0047015017912679,0.0048596503216116,0.0055476283488518,0.0057077251937158,5.5,2.546286869525449,1,0,0.2000000000000001,-6.251996440909716,2.768435587339221,0.0,10.617154018622273,6.0,4.7,4.359493111610791
2020-05-01,0.9000000000000057,2.095502349213293,1.1304054008445288,0.3892513801940464,5.47,3.026511225259143,5.99,0.0048596503216116,0.0044478931673448,0.0005925138019404,-0.0290827513100877,5.5,3.098435587339221,1,0,-0.5200000000000005,-9.54814178370125,2.696511225259143,-0.0,4.671016562328557,5.5,5.8,4.365200836804507
2020-06-01,-1.4000000000000057,-2.0261377294580463,-3.0047284627789987,0.4292607588362389,4.99,3.21188479603629,5.47,0.0044478931673448,0.0040661545935285,0.0009926075883623,-0.030606289269893,4.5,3.026511225259143,1,0,-0.4799999999999995,-8.456818798815576,2.88188479603629,-0.0,5.151129106034866,5.5,6.1,4.3361180854944195
2020-07-01,2.200000000000003,1.3908767664627075,0.3998789794024446,0.4636337859827022,4.23,3.366393605611173,4.99,0.0040661545935285,0.0034584508349766,0.001336337859827,0.0367531681355641,4.25,3.21188479603629,1,0,-0.7599999999999998,-7.478595872278328,3.036393605611173,0.0,5.563605431792427,4.5,6.2,4.305511796224526
2020-08-01,1.0,-0.1010339270104896,-1.1029608848528352,0.5320266084380225,4.16,3.573623745157306,4.23,0.0034584508349766,0.0034022740126777,0.0020202660843802,0.0505169340757927,4.25,3.366393605611173,1,0,-0.0700000000000002,-5.813454111031881,3.243623745157306,0.0,6.38431930125627,4.25,6.3,4.342264964360091
2020-09-01,0.7000000000000028,0.4013262128496538,-0.6096886504467667,0.1878042162468934,4.17,3.666989391562181,4.16,0.0034022740126777,0.0034103013914235,-0.001421957837531,0.0244033860709533,4.25,3.573623745157306,1,0,0.0099999999999997,-5.460855275083,3.336989391562181,0.0,2.253650594962721,4.25,6.4,4.392781898435883
2020-10-01,8.900000000000006,3.8974363527097946,2.87961482616398,0.4733734907224182,4.17,3.9775865833874935,4.17,0.0034103013914235,0.0034103013914235,0.0014337349072241,0.0235857861039221,4.25,3.666989391562181,1,0,0.0,-7.319857412347453,3.647586583387493,0.0,5.680481888669018,4.25,6.3,4.417185284506837
2020-11-01,-2.5999999999999943,-2.451505590763397,-3.473370221987639,0.6193333901979284,4.06,4.423441811058582,4.17,0.0034103013914235,0.0033219613470447,0.0028933339019792,-0.0079373159629563,4.25,3.9775865833874935,1,0,-0.1100000000000003,-3.0891393446802207,4.0934418110585815,-0.0,7.432000682375142,4.25,6.3,4.440771070610759
2020-12-01,19.0,10.096167049096737,9.073305214879506,0.600762039673458,4.17,4.912471480759617,4.06,0.0033219613470447,0.0034103013914235,0.0027076203967345,-0.0210891862408129,4.25,4.423441811058582,1,0,0.1100000000000003,1.5331284294951404,4.582471480759617,-0.0,7.209144476081496,4.25,6.1,4.4328337546478025
2021-01-01,-14.6,3.685708497231934,2.665418911087037,0.1166481276459452,4.31,5.19460661322777,4.17,0.0034103013914235,0.0035226105855981,-0.0021335187235405,0.0021253777812839,4.25,4.912471480759617,1,0,0.1399999999999996,-4.051010064679343,4.86460661322777,0.0,1.3997775317513423,4.25,5.9,4.41174456840699
2021-02-01,0.0,1.557037168560605,0.5427827402933305,0.6782076192674779,4.06,5.666425341185044,4.31,0.0035226105855981,0.0033219613470447,0.0034820761926747,-0.003260023255895,4.25,5.19460661322777,1,0,-0.25,-5.039617269313682,5.336425341185044,-0.0,8.138491431209735,4.25,5.8,4.4138699461882736
2021-03-01,12.6,2.6616991732226083,1.656651172842715,0.2649357479096654,4.22,5.782022624004801,4.06,0.0033219613470447,0.0034504276924163,-0.0006506425209033,-0.0063040500909314,4.5,5.666425341185044,1,0,0.1600000000000001,0.3695256936255022,5.452022624004801,-0.0,3.179228974915985,4.25,5.7,4.4106099229323785
2021-04-01,-5.8,-0.3070763221153845,-1.3000759576395198,0.6347628348851895,4.51,5.519744476072663,4.22,0.0034504276924163,0.0036828128357737,0.0030476283488518,0.023970824969381,5.0,5.782022624004801,1,0,0.29,6.278987675593054,5.189744476072663,0.0,7.617154018622274,4.5,5.4,4.404305872841447
2021-05-01,-0.7,0.4955023492132875,-0.4830513627484295,0.8592513801940453,4.79,6.014351835240417,4.51,0.0036828128357737,0.00390662449984,0.0052925138019404,-0.0197568582089493,5.0,5.519744476072663,1,0,0.2800000000000002,10.291311866537333,5.684351835240417,-0.0,10.311016562328543,5.0,5.2,4.428276697810828
2021-06-01,1.6,0.9738622705419596,0.0117979456402166,0.8992607588362378,5.1,6.51152550678864,4.79,0.00390662449984,0.0041537774426925,0.0056926075883623,-0.0219729189746384,5.5,6.014351835240417,1,0,0.3099999999999996,8.608605415595854,6.18152550678864,-0.0,10.791129106034854,5.0,4.9,4.408519839601879
2021-07-01,0.7,-0.1091232335372953,-1.052975257857088,0.4236337859827102,5.76,6.469069492635482,5.1,0.0041537774426925,0.0046777558769326,0.0009363378598271,0.007357829308412,6.5,6.51152550678864,1,0,0.6600000000000001,4.932260797471014,6.139069492635482,0.0,5.083605431792522,5.5,4.8,4.38654692062724
2021-08-01,1.1,-0.0010339270104895,-0.9252721065037166,0.7420266084380305,6.3,6.692744008376317,5.76,0.0046777558769326,0.0051042407584538,0.0041202660843803,-0.0064135967855403,6.5,6.469069492635482,1,0,0.54,2.5630726670446347,6.362744008376317,-0.0,8.904319301256365,6.5,4.0,4.393904749935652
2021-09-01,1.7,1.4013262128496509,0.49785517643204,0.857804216246881,6.57,7.408086132719482,6.3,0.0051042407584538,0.0053167389786501,0.0052780421624688,-0.0082139253155091,6.75,6.692744008376317,1,0,0.2700000000000004,4.90149316108761,7.0780861327194815,-0.0,10.293650594962571,6.5,4.4,4.387491153150112
2021-10-01,5.3,0.2974363527097887,-0.5842982333713242,1.153373490722411,6.81,8.135333952795643,6.57,0.0053167389786501,0.0055052123869754,0.0082337349072241,-0.0276741346929014,7.5,7.408086132719482,1,0,0.2399999999999993,5.247796425213437,7.805333952795642,-0.0,13.840481888668933,6.75,4.3,4.379277227834603
2021-11-01,1.0,1.1484944092365974,0.2892470164885538,0.8693333901979284,7.33,8.403766417180503,6.81,0.0055052123869754,0.0059122432696303,0.0053933339019792,0.0087713483957738,7.5,8.135333952795643,1,0,0.5200000000000005,4.801916223566039,8.073766417180503,0.0,10.432000682375142,7.5,4.3,4.351603093141701
2021-12-01,6.4,-2.503832950903263,-3.3400203953197694,0.5907620396734529,7.62,8.393015275018723,7.33,0.0059122432696303,0.0061384567512829,0.0026076203967345,0.0102117061388202,8.5,8.403766417180503,1,0,0.29,4.463421889982081,8.063015275018723,0.0,7.089144476081435,7.5,4.3,4.360374441537475
2022-01-01,-15.3,2.9857084972319328,2.17295568154896,0.4366481276459384,8.29,8.73756444446352,7.62,0.0061384567512829,0.0066589585679854,0.0010664812764593,0.0386127787384191,8.5,8.393015275018723,1,0,0.669999999999999,6.0315492918937785,8.40756444446352,0.0,5.239777531751261,8.5,4.3,4.3705861476762955
2022-02-01,-0.9,0.657037168560605,-0.1318724667225231,1.0682076192674783,9.57,9.158358750212091,8.29,0.0066589585679854,0.0076451954399294,0.0073820761926747,0.0087722540079546,20.0,8.73756444446352,1,0,1.2800000000000011,3.505224336879901,8.828358750212091,0.0,12.81849143120974,8.5,4.4,4.409198926414715
2022-03-01,10.8,0.8616991732226094,0.0969242415698438,7.214935747909668,19.87,16.69512204560226,9.57,0.0076451954399294,0.015217765073775,0.0688493574790966,0.2760356282801366,20.0,9.158358750212091,1,0,10.3,0.4829540749294918,16.365122045602263,0.0,86.57922897491602,20.0,4.1,4.417971180422669
2022-04-01,-4.1,1.3929236778846157,0.6524671024671261,1.6147628348851937,17.08,17.832139540180613,19.87,0.015217765073775,0.0132273235093671,0.0128476283488519,-0.2896892680620757,17.0,16.69512204560226,1,0,-2.7900000000000027,-4.836997862325129,17.502139540180615,-0.0,19.377154018622324,20.0,4.1,4.694006808702806
2022-05-01,0.0,1.1955023492132877,0.4794331811602735,0.2392513801940549,13.25,17.10694670203381,17.08,0.0132273235093671,0.0104229088673752,-0.0009074861980594,-0.2221146481037426,11.0,17.832139540180613,0,0,-3.8299999999999983,-4.456401381729066,-0.33,-0.0,2.8710165623286588,17.0,4.0,4.40431754064073
2022-06-01,1.9,1.273862270541959,0.5820896492914583,-0.1407392411637542,9.63,15.897380463379406,13.25,0.0104229088673752,0.0076911657047817,-0.0047073924116375,-0.0970410692548178,9.5,17.10694670203381,0,0,-3.619999999999999,-4.376690487498113,-0.33,-0.0,-1.6888708939650503,11.0,3.9,4.182202892536988
2022-07-01,-0.1,-0.9091232335372952,-1.5768833742093222,-0.2763662140172926,8.9,15.088606000969218,9.63,0.0076911657047817,0.0071302872999576,-0.0060636621401729,0.0032975841263986,8.0,15.897380463379406,0,0,-0.7300000000000004,-2.598989711529857,-0.33,0.0,-3.316394568207511,9.5,3.9,4.08516182328217
2022-08-01,1.5,0.3989660729895103,-0.2452992818824686,0.0520266084380327,7.94,14.29584231782388,8.9,0.0071302872999576,0.0063874240734742,-0.0027797339156196,0.0335723847492639,8.0,15.088606000969218,0,0,-0.96,-2.324119648882482,-0.33,0.0,0.6243193012563925,8.0,3.9,4.0884594074085685
2022-09-01,0.4,0.1013262128496509,-0.5200861737652185,0.3078042162468838,7.68,13.670964452269164,7.94,0.0063874240734742,0.0061851897679632,-0.0002219578375311,-0.0182246980551417,7.5,14.29584231782388,0,0,-0.2600000000000007,-5.252720409217578,-0.33,-0.0,3.6936505949626057,8.0,3.8,4.122031792157832
2022-10-01,4.1,-0.9025636472902114,-1.5018719712830684,0.2233734907224182,7.67,12.625429916213315,7.68,0.0061851897679632,0.0061774025897503,-0.0010662650927758,0.0159454113271131,7.5,13.670964452269164,0,0,-0.0099999999999997,-4.785270704998844,-0.33,0.0,2.6804818886690183,7.5,3.9,4.103807094102691
2022-11-01,1.6,1.7484944092365975,1.1704702712338977,0.2793333901979392,7.31,11.967258326964458,7.67,0.0061774025897503,0.0058966216949722,-0.0005066660980206,0.0128147484308458,7.5,12.625429916213315,0,0,-0.3600000000000003,-3.521884476439372,-0.33,0.0,3.3520006823752704,7.5,3.9,4.119752505429804
2022-12-01,6.6,-2.303832950903264,-2.861359453879748,0.5507620396734608,7.31,11.922835689262822,7.31,0.0058966216949722,0.0058966216949722,0.0022076203967346,0.0947288123214429,7.5,11.967258326964458,0,0,0.0,-5.5623433532866144,-0.33,0.0,6.60914447608153,7.5,3.7,4.13256725386065
2023-01-01,-15.8,2.4857084972319328,1.9478451213279115,0.2866481276459469,7.0,11.756597196804265,7.31,0.0058966216949722,0.0056541453874052,-0.0004335187235405,0.0550027574166502,7.5,11.922835689262822,0,0,-0.3099999999999996,-5.406184389977167,-0.33,0.0,3.4397775317513624,7.5,3.7,4.227296066182093
2023-02-01,2.2,3.757037168560605,3.238153160303113,0.3582076192674705,7.11,10.9723016150139,7.0,0.0056541453874052,0.0057402589909316,0.0002820761926747,0.0510087006313311,7.5,11.756597196804265,0,0,0.1100000000000003,-4.6525583671036514,-0.33,0.0,4.298491431209646,7.5,3.6,4.282298823598743
2023-03-01,7.1,-2.838300826777392,-3.3388737453087822,-0.0250642520903265,7.35,3.506085987351981,7.11,0.0057402589909316,0.0059278621761518,-0.0035506425209032,0.0424713411024439,7.5,10.9723016150139,0,0,0.2399999999999993,-2.100240635787142,-0.33,0.0,-0.3007710250839179,7.5,3.5,4.333307524230074
2023-04-01,-4.9,0.592923677884615,0.1097841809171585,0.4347628348851867,7.16,2.303474905576919,7.35,0.0059278621761518,0.0057793747418921,0.0010476283488518,0.0729809312733804,7.5,3.506085987351981,0,0,-0.1899999999999995,1.652316547182298,-0.33,0.0,5.2171540186222405,7.5,3.5,4.375778865332518
2023-05-01,0.9,2.095502349213288,1.6289410816381735,0.4292513801940527,7.25,2.497618535541557,7.16,0.0057793747418921,0.0058497409526456,0.0009925138019405,-0.0273951659931688,7.5,2.303474905576919,0,0,0.0899999999999998,3.706806775058788,-0.33,-0.0,5.151016562328632,7.5,3.3,4.4487597966058985
2023-06-01,0.1,-0.5261377294580406,-0.9769611077232808,0.5792607588362446,7.33,3.238193401026645,7.25,0.0058497409526456,0.0059122432696303,0.0024926075883624,0.0497848076620162,7.5,2.497618535541557,0,0,0.08,2.464808896891781,-0.33,0.0,6.951129106034935,7.5,3.2,4.42136463061273
2023-07-01,1.9,1.0908767664627046,0.6548526686055451,0.7436337859827034,7.83,4.295345868339617,7.33,0.0059122432696303,0.0063019179609968,0.004136337859827,0.0907882808931779,8.5,3.238193401026645,0,0,0.5,2.327644344593573,-0.33,0.0,8.92360543179244,7.5,3.1,4.471149438274746
2023-08-01,2.3,1.1989660729895102,0.7767722223406839,0.8520266084380299,10.33,5.134070000774993,7.83,0.0063019179609968,0.0082257881355587,0.0052202660843802,0.0455913607019429,12.0,4.295345868339617,0,0,2.5,2.8964633827919277,-0.33,0.0,10.224319301256358,8.5,3.0,4.561937719167924
2023-09-01,-1.6,-1.8986737871503487,-2.308082323968309,1.127804216246891,12.28,5.995738540511497,10.33,0.0082257881355587,0.0096988625035789,0.0079780421624689,0.0041893309835465,13.0,5.134070000774993,0,0,1.9499999999999995,2.9722546341462737,-0.33,0.0,13.533650594962694,12.0,3.0,4.607529079869867
2023-10-01,5.3,0.2974363527097887,-0.1003616463479291,0.8733734907224097,13.08,6.683472919143263,12.28,0.0096988625035789,0.0102964260211313,0.005433734907224,-0.0008770625394083,15.0,5.995738540511497,0,0,0.8000000000000007,2.5558055780255247,-0.33,-0.0,10.480481888668916,13.0,3.0,4.611718410853413
2023-11-01,1.3,1.4484944092365974,1.0611626126700568,1.019333390197934,14.79,7.470020393091303,13.08,0.0102964260211313,0.0115608312965345,0.0068933339019793,-0.0607727466721561,15.0,6.683472919143263,0,0,1.709999999999999,1.5476972872268244,-0.33,-0.0,12.232000682375208,15.0,2.9,4.610841348314005
2023-12-01,6.1,-2.803832950903264,-3.1818054698873564,0.5007620396734637,15.18,7.4167012720389724,14.79,0.0115608312965345,0.0118467851606884,0.0017076203967346,0.0095961213735282,16.0,7.470020393091303,0,0,0.3900000000000005,0.0483333480488199,-0.33,0.0,6.009144476081564,15.0,2.9,4.550068601641849
2024-01-01,-18.4,-0.1142915027680651,-0.4840479505662061,0.3066481276459429,15.68,7.438005655472546,15.18,0.0118467851606884,0.0122120971147396,-0.0002335187235405,-0.0238620914810887,16.0,7.4167012720389724,0,0,0.5,1.5580098678118812,-0.33,-0.0,3.6797775317513146,16.0,3.0,4.559664723015377
2024-02-01,-0.6,0.9570371685606052,0.5945382627773396,0.5782076192674835,15.79,7.6732869738500575,15.68,0.0122120971147396,0.012292271470377,0.0024820761926748,0.0264473054489542,16.0,7.438005655472546,0,0,0.1099999999999994,5.177019597353885,-0.33,0.0,6.938491431209803,16.0,2.9,4.535802631534288
2024-03-01,10.4,0.461699173222609,0.105717571949574,-0.0050642520903305,15.55,7.694742246735142,15.79,0.012292271470377,0.012117255455148,-0.0033506425209033,0.0051429895708139,16.0,7.6732869738500575,0,0,-0.2399999999999984,0.805547092382966,-0.33,0.0,-0.060771025083966,16.0,2.8,4.5622499369832425
2024-04-01,-3.7,1.7929236778846152,1.4428961479042377,0.5547628348851912,15.7,7.82348670847659,15.55,0.012117255455148,0.0122266794668703,0.0022476283488519,0.0064408592394533,16.0,7.694742246735142,0,0,0.1499999999999985,1.643417393357482,-0.33,0.0,6.657154018622294,16.0,2.7,4.5673929265540565
2024-05-01,-0.7,0.4955023492132875,0.1510353200970133,0.8592513801940453,16.01,8.285694856065495,15.7,0.0122266794668703,0.0124524109451222,0.0052925138019404,-0.0194127133388635,16.0,7.82348670847659,0,0,0.3100000000000023,2.6903995999654677,-0.33,-0.0,10.311016562328543,16.0,2.6,4.57383378579351
2024-06-01,2.3,1.6738622705419592,1.3346316335288724,0.8492607588362406,15.73,8.576988445894496,16.01,0.0124524109451222,0.0122485486631649,0.0051926075883624,-0.032773632037153,16.0,8.285694856065495,0,0,-0.2800000000000011,-0.7538513143129197,-0.33,-0.0,10.191129106034888,16.0,2.6,4.554421072454646
2024-07-01,1.0,0.1908767664627046,-0.1433826141043698,1.2536337859827085,16.16,9.127264348780397,15.73,0.0122485486631649,0.0125614374196973,0.009236337859827,-0.0011691340236748,18.0,8.576988445894496,0,0,0.4299999999999997,0.5101327906969342,-0.33,-0.0,15.043605431792502,16.0,2.4,4.521647440417493
2024-08-01,1.3,0.1989660729895104,-0.1306208964373134,0.7720266084380316,17.76,9.040206299838417,16.16,0.0125614374196973,0.0137164244483141,0.0044202660843803,0.0232829273544661,18.0,9.127264348780397,0,0,1.6000000000000014,-0.2181275940446454,-0.33,0.0,9.264319301256378,18.0,2.4,4.5204783063938185
2024-09-01,-0.1,-0.398673787150349,-0.723910943265291,0.7378042162468906,18.46,8.61861731939888,17.76,0.0137164244483141,0.0142172138512677,0.0040780421624689,0.0287986431032702,19.0,9.040206299838417,0,0,0.6999999999999993,-0.3391474034655815,-0.33,0.0,8.853650594962687,18.0,2.4,4.543761233748285
2024-10-01,5.0,-0.002563647290211,-0.3237882695486614,0.7933734907224114,18.93,8.532437716249518,18.46,0.0142172138512677,0.0145519382635346,0.0046337349072241,0.0441552608284467,21.0,8.61861731939888,0,0,0.4699999999999988,2.2465735752558063,-0.33,0.0,9.520481888668936,19.0,2.4,4.572559876851555
2024-11-01,3.1,3.248494409236597,2.930980631345509,1.3393333901979414,20.65,8.875928766286112,18.93,0.0145519382635346,0.0157666360435626,0.0100933339019794,0.0319150598919009,21.0,8.532437716249518,0,0,1.7199999999999989,0.6385591068442018,-0.33,0.0,16.072000682375297,21.0,2.3,4.616715137680002
2024-12-01,3.6,-5.303832950903264,-5.617879498653362,1.0907620396734528,21.14,9.513641443463785,20.65,0.0157666360435626,0.0161097784386881,0.0076076203967345,0.0125414501174692,21.0,8.875928766286112,0,0,0.490000000000002,5.636176943970469,-0.33,0.0,13.089144476081431,21.0,2.3,4.648630197571903
2025-01-01,-18.8,-0.5142915027680672,-0.8252598996624132,0.6766481276459475,20.79,9.91538690582827,21.14,0.0161097784386881,0.0158648068912774,0.0034664812764594,-0.0251033829557059,21.0,9.513641443463785,0,0,-0.3500000000000014,-1.961249505076975,-0.33,-0.0,8.119777531751371,21.0,2.3,4.661171647689372
2025-02-01,1.6,3.1570371685606053,2.849002508698652,0.708207619267479,20.81,10.0573118193936,20.79,0.0158648068912774,0.0158788227827944,0.0037820761926747,-0.0751286754344757,21.0,9.91538690582827,0,0,0.0199999999999995,-3.754788233186354,-0.33,-0.0,8.498491431209748,21.0,2.4,4.636068264733666
2025-03-01,9.7,-0.238300826777392,-0.5432441882531837,0.2549357479096745,21.33,10.34234918440049,20.81,0.0158788227827944,0.0162424914237173,-0.0007506425209032,-0.060442001792059,21.0,10.0573118193936,0,0,0.5199999999999996,-2.5453710353635857,-0.33,-0.0,3.0592289749160937,21.0,2.4,4.56093958929919
2025-04-01,-2.7,2.792923677884615,2.4913333039294474,0.4547628348851969,21.07,10.232555802127475,21.33,0.0162424914237173,0.0160608360791141,0.0012476283488519,-0.0116669172921382,21.0,10.34234918440049,0,0,-0.259999999999998,-1.3336689574317706,-0.33,-0.0,5.457154018622363,21.0,2.3,4.500497587507131
2025-05-01,-0.4,0.7955023492132874,0.497668504984749,0.5492513801940573,20.76,9.893345038789604,21.07,0.0160608360791141,0.0158437790647785,0.0021925138019405,-0.0340115742552384,21.0,10.232555802127475,0,0,-0.3099999999999987,-1.3201762833365005,-0.33,-0.0,6.591016562328687,21.0,2.3,4.488830670214993
2025-06-01,-0.1,-0.7261377294580406,-1.0198426579396178,0.4092607588362429,20.03,9.412889237745592,20.76,0.0158437790647785,0.0153306203570549,0.0007926075883624,-0.012148481600537,20.0,9.893345038789604,0,0,-0.7300000000000004,-0.3052946811235961,-0.33,-0.0,4.911129106034915,21.0,2.2,4.4548190959597544
2025-07-01,2.2,1.3908767664627049,1.1016074232499005,0.6836337859827011,19.27,8.796265282183867,20.03,0.0153306203570549,0.0147933243027884,0.003536337859827,0.0097658306792975,18.0,9.412889237745592,0,0,-0.7600000000000016,-0.7893341399302587,-0.33,0.0,8.203605431792413,20.0,2.2,4.442670614359217
2025-08-01,-0.2,-1.3010339270104896,-1.5855559095244276,0.1720266084380231,17.73,8.144790639775579,19.27,0.0147933243027884,0.0136949011210341,-0.0015797339156197,0.0136224732286329,18.0,8.796265282183867,0,0,-1.5399999999999991,-1.172583447874215,-0.33,0.0,2.064319301256277,18.0,2.2,4.452436445038515
2025-09-01,2.7,2.401326212849652,2.1217919718574505,0.5978042162468901,17.19,7.994111194218556,17.73,0.0136949011210341,0.0133066190337436,0.0026780421624689,0.0399294688624429,17.0,8.144790639775579,0,0,-0.5399999999999991,-0.9552765782023416,-0.33,0.0,7.17365059496268,18.0,2.1,4.466058918267148
2025-10-01,5.1,0.0974363527097885,-0.1768310524957539,0.5433734907224114,16.48,7.726135732198136,17.19,0.0133066190337436,0.0127935965556968,0.0021337349072241,-0.0288814749186361,16.5,7.994111194218556,0,0,-0.7100000000000009,0.5624339252446042,-0.33,-0.0,6.520481888668936,17.0,2.2,4.505988387129591
2025-11-01,-0.2,-0.0515055907634026,-0.3203356991400274,0.3293333901979364,16.29,6.65344129180061,16.48,0.0127935965556968,0.0126558226893152,-6.666098020636224e-06,-0.0113822241718413,16.5,7.726135732198136,0,0,-0.1900000000000012,-1.4195381427228997,-0.33,-0.0,3.9520006823752367,16.5,2.2,4.477106912210955
2025-12-01,8.1,-0.8038329509032636,-1.0671516546971724,0.0907620396734528,16.01,5.600801721214355,16.29,0.0126558226893152,0.0124524109451222,-0.0023923796032654,-0.0176928825897979,16.0,6.65344129180061,0,0,-0.2799999999999976,1.9986819547941528,-0.33,-0.0,1.0891444760814335,16.5,2.1,4.4657246880391135
